H,S,V,color_name
61.44792244902963,174.7436207764449,130.96869654698475,yellow
277.79050795867835,163.0377744965682,108.5355449534143,purple
248.70254556177827,224.06699176988658,98.43022288702923,blue
121.79979854617415,161.92624467197305,170.84435538569167,green
3.4516624455530787,0.0,34.42065018087283,black
61.14586724698104,129.6561810936103,237.53943766008706,yellow
162.42442327015615,134.52691972585833,117.81061030061616,cyan
27.42430456653443,253.84466784274287,101.3830194307422,red
107.24249535569945,70.23079056528623,115.34201138464356,green
262.2639777735926,61.495284265867326,237.05865958201576,purple
280.5739887583983,110.2288704881686,57.68932719338272,purple
275.57666531775567,0.0,20.25288308872834,black
223.65096034718624,0.0,15.608059019553867,black
273.62015924956404,193.64827224995722,243.68105974236659,purple
10.248287813069435,233.86367649114248,110.90173216756094,brown
215.9432942653885,233.29600890695042,66.26687945280787,blue
222.0847063226774,24.635938415442677,99.30858330721398,grey
335.642446036793,192.4433889495404,108.52386689391304,pink
277.7336126537956,175.59392194402517,215.66512941686128,purple
145.48022039307887,224.81879803087216,84.04185176544183,green
126.21114894503432,68.28355273643136,56.13820241152668,cyan
11.247566206915181,134.3798930881717,185.52795498387414,orange
30.495840441231557,189.21575340638867,249.13151532236554,orange
144.3968164271883,104.27977722117711,186.29046823528904,cyan
232.43181585643165,201.1934278651636,196.36622350742584,blue
11.1771496367291,68.00197598445575,242.87709421137822,brown
11.529744385395869,239.48120769246077,215.7765248345705,orange
146.2709063602148,19.178504355654297,197.31518906298538,grey
89.5561646569253,164.27884161394343,165.15613821083548,cyan
154.4502791143179,25.216166590358114,137.6130203680278,grey
163.01782535534113,219.74855655610082,78.08171574195822,cyan
282.2347635789216,142.799272129773,111.56822189184047,purple
16.212482039815306,188.58577469913268,143.6295060062514,orange
312.92745325240725,145.425342841421,99.5679982601529,pink
120.13719104760662,96.75947775629359,79.5730985566922,cyan
102.63315808191315,38.08890773214448,181.13347920136786,grey
135.04490426263828,86.21881986087033,95.65481322551132,green
63.09048778736343,0.0,14.985270843824889,black
127.67722133386235,237.57343400335293,152.08257805457296,cyan
8.64157812969556,177.2070785142795,155.0387388188224,orange
156.56131246169102,0.0,208.69136267625382,white
218.89000317314688,231.43097452796135,59.577966733538034,blue
61.99718413110298,186.3207093346303,185.60900644568585,yellow
128.22755696281706,112.82260018925686,121.91967010730428,cyan
201.2861604738528,199.48075811304628,82.17010064097136,red
89.38638399218752,90.72437072332505,157.01401410200398,cyan
101.61023609082048,61.742978718316294,61.60644258951859,cyan
101.92717166085409,0.0,48.54610279560855,black
188.15909745223098,0.0,12.339309402490596,black
19.196340610456467,197.48090022594008,160.81014987081167,brown
319.91381242384375,246.8884130458519,205.11251771214697,pink
64.50401730557485,173.0444336084252,157.57379146007543,yellow
111.80467305732482,54.67425932599441,141.0352036955303,cyan
244.98559432283963,78.83561157013663,145.72167985000902,blue
61.05061858126753,247.17247859796512,164.65620501022468,yellow
151.87043933201227,112.04539522822743,137.40277795753832,cyan
257.7197350313023,120.40998688786004,119.73485517326532,red
64.45521026558833,173.3788587890757,107.84098025643729,yellow
133.3831345094624,0.0,201.75207307054694,white
148.0274282607896,239.3283210438089,129.91902482620102,cyan
148.23598858630717,130.59820722293014,208.7240518159902,cyan
180.74508507278065,96.98182968864988,74.99878829234089,blue
26.585792742259727,123.63233801325698,237.29845389667716,brown
201.17851503260738,0.0,33.84796358981371,black
193.63395862643475,246.96477840996354,215.28218296607815,blue
77.39463980878497,126.07878339540574,103.29628654058706,red
15.688524321674894,0.0,27.14734324724375,black
115.46743365138946,158.65385430835238,55.79475620506368,green
25.056742160253652,20.034285083248033,151.6894337649415,grey
149.5047927029876,193.6139133977021,76.71550138704178,green
75.64812848086096,196.44710044536993,208.93787269829144,green
241.01636073377557,253.90769377511992,164.47151380268556,blue
57.528476319476226,158.83481242844772,220.24404234629645,yellow
264.8283773055627,0.0,24.714503317336025,black
153.2349948837262,0.0,21.90249675485585,black
74.57678517053193,101.08811601286277,88.6382528151799,green
200.5287375711062,137.18177176057353,83.48624866488856,blue
191.77809376360693,0.0,34.737343268573795,black
268.59663181390766,73.84133397487362,116.95727949453386,red
276.9140079793807,85.157334126688,84.92064425351943,purple
60.2160451063011,139.44256712412056,165.04220237782772,yellow
21.34124296689706,215.50997854912043,86.79726302381962,brown
279.92507392309204,132.9952051168998,123.79229187135509,purple
219.62963046093222,222.51986932302907,127.47068685863988,blue
331.46551628960054,45.23557378842206,93.65217108246529,grey
95.02839365315133,0.0,242.01805565120168,white
331.8539767269581,0.0,252.6587546388382,white
187.19707864056613,225.1288067106791,111.80552715468006,blue
150.0080806508798,0.0,227.08695767244743,white
22.251017314557732,244.86129273902785,223.96197164105268,orange
205.76248585172056,13.196442500903471,196.02694329863792,grey
73.97109144247132,147.49417863329643,70.53477631505905,green
22.795503659595052,245.85298483170536,182.20955832184245,brown
106.15194301481452,187.7792993968229,182.93386853087668,cyan
326.7358242928128,0.0,236.225027402054,white
30.96878166016021,151.55250139825168,245.54798794778057,orange
20.248061593353693,0.7053000799372267,146.1218709591478,grey
326.71599790620866,187.71504701359785,141.11879783079922,red
25.794997665215433,65.02920485944173,214.29352701561524,brown
190.05643317870482,67.57472799324299,211.63590114480064,blue
222.457987742682,33.09046500951173,116.66195278867251,grey
210.44198096301713,200.52456709153262,127.46949614340195,blue
336.0209480675481,99.13136367381134,206.4185344922264,pink
160.88046586622403,0.0,12.017882350802333,black
272.3677460121375,247.75201156100982,85.5228051880801,purple
338.8753748271564,136.3917371868804,221.6674303996594,pink
65.19911661079068,145.79213389364298,187.941581269165,yellow
185.40129446108335,188.1812466441459,252.59686826961328,red
62.45235592178399,252.87296318825167,217.3739673335101,yellow
36.4293086211635,227.719044335007,142.86443095172586,red
143.85925523496545,220.12926800240064,54.07521562537148,cyan
280.5764849059537,99.61416829606694,90.22135237246171,purple
233.97388999813452,110.37683522996903,124.47251342894674,blue
83.74899364020433,99.41604633660438,217.6036376846868,red
23.617410442128598,254.951402349002,226.0282642895262,orange
111.77014680267507,0.0,243.67714422546044,white
29.101741465859984,79.94373169407511,104.43317921792331,brown
237.63772596609175,207.117633587267,227.03093626125798,blue
300.554878715954,175.49285408097558,125.43349583738984,pink
181.85348043208955,241.64503593803505,191.0104792576614,blue
109.86331122357838,20.371651521595407,75.20068751803369,grey
148.06313135145015,226.66553976972384,252.83639609939283,red
150.81952078572098,0.0,230.74792728700984,white
102.64458391522895,0.0,250.99635394044762,white
138.1434868591619,51.787670847908146,59.473314750271314,green
63.68984404237204,100.67708531197654,155.04430774273794,yellow
119.55085455595892,177.2335691793,55.78159519698172,cyan
243.1051865274486,186.18914469746443,73.72709058466998,blue
7.929529320478102,114.84162607893575,104.29201535148599,orange
31.690975859075923,108.59049886006396,215.60608093591247,orange
12.431218773430048,176.3378922737425,116.39366574331453,brown
60.1811580403259,133.44912423456373,198.1842318339128,yellow
118.87884001129164,78.93546230251677,167.43518194713016,cyan
24.77264676517794,133.035070386904,87.1895812008521,brown
335.125876674829,0.0,240.7967754680821,white
11.690279249315328,136.70330271456294,138.7219315186427,orange
21.007003909749308,118.71794772676613,195.62342682912788,orange
144.72297222972156,182.82438801340646,146.97872188995612,green
93.27529126019814,51.71302164720278,79.68691350408197,green
296.6335888289788,151.31092000171594,60.556902574301255,red
34.87724783758081,0.0,240.13427327505468,white
21.384828313153523,136.44515385258433,252.6211576254791,orange
100.30094219570304,209.77790061762119,200.10211994025394,cyan
16.644307753781383,155.33092969142103,251.94567172317906,orange
323.0514713248589,142.95103085862266,163.18219063336926,pink
58.64098892073549,27.961287760187226,182.36748680216496,grey
337.7868839350775,66.5959971770454,100.39406277282426,pink
31.635649377898183,214.0533668915835,123.8280683758997,orange
53.002180745511744,26.538919627981066,77.69538057336636,grey
114.21514368329662,74.74905173488523,77.47874467035764,green
50.94042021908836,222.98185320239568,107.9732615038355,yellow
141.37302599693487,191.51111043562668,144.56581152961922,cyan
337.7513559127775,223.60779430189473,180.2889539770251,pink
12.002420085743832,222.0158702454023,111.79931905806912,brown
305.3768133802414,231.42324609164334,107.80444699748003,red
83.59589889259126,50.1446344449976,221.28050379136286,green
122.10855119155686,237.2201301590828,72.04855609126675,cyan
25.26295697850493,87.3823748819564,81.04136951894002,brown
51.57761516951448,214.0664883315958,245.53849071645038,yellow
154.6752405962869,176.6398276959652,148.84848786225353,cyan
314.2112398204184,0.0,248.73980834298862,white
326.6446666904728,233.00870797433396,202.10829524491663,red
208.94118883708643,0.0,233.3245601605634,white
11.306800352955024,129.15226292647378,253.1007780778276,brown
18.22184521730245,251.88612469177644,199.1919231529545,brown
266.05726415768027,254.5879595029105,190.9420152732989,purple
145.22824176425402,0.0,22.821213388134737,black
261.23545975475093,252.68476922461778,225.95819885648388,purple
273.72017168847833,156.6741827010017,115.83840161585846,purple
234.29449138608896,0.0,15.315958145495534,black
306.3524156258766,128.39755421712528,116.65022319901905,pink
338.1202576187045,160.0615530340101,181.71218966640737,red
149.63902821878673,80.67902244697893,171.03048027842857,cyan
12.037612375521077,132.75305746390114,83.26770403292784,brown
242.73101780508733,124.42371968732371,90.84763221265123,blue
194.4871469115496,41.72083530394465,83.91439886564521,grey
187.98611684488264,70.81127184349182,88.89972734662399,blue
65.82217840431804,251.8709878690577,207.23420417560664,yellow
334.5411483192648,0.0,0.008221565835092592,black
335.130015892938,251.11858829059926,232.43377074494217,pink
301.2086106818468,137.33378544026777,212.87600685889632,pink
267.84115726122906,77.91839558681947,227.0345884925305,purple
18.277827448640274,88.25868338657261,229.1120260909754,brown
75.15873231777422,0.0,210.82439284433138,white
12.799465945860051,124.34351954410074,123.67404891895238,brown
151.6027881528798,155.90264690087002,168.56280957814926,red
85.34637669893517,155.61509261545427,64.10502543751895,green
272.2577829856939,73.01323764385884,104.25061111905052,purple
123.42846112142202,90.7470260464168,215.53789542596445,green
87.98859712641573,22.258620477967927,97.34994968719039,grey
279.8751521370582,234.11275323394057,78.53008651120386,purple
37.89171036459422,250.70834572468414,229.87949214475043,orange
147.0825159332349,0.0,23.67546300664158,black
277.6016864657269,188.9416791935141,150.56411949835586,purple
122.07445167827638,198.20179832973307,145.86875128846148,green
232.98733433998922,83.22630433857375,103.87187365882423,blue
181.3409776119096,0.0,38.41080955381784,black
318.97524032679837,191.13590333387114,222.92874274329563,red
157.49663371163615,243.292752378002,163.95701586875842,red
18.950756504440896,98.67510909486916,147.43595002872877,brown
267.9045689205681,133.33281327433718,249.8773896845115,purple
46.560322893635316,111.13492009024895,133.6774831768368,red
18.00807137364503,227.4275899300087,239.52045214812287,orange
67.33940575181236,160.5600521136082,112.0741362541028,red
279.51705921308184,121.69431333432868,81.72963284062735,purple
26.611052155671654,99.63638052689116,248.93176115917015,brown
312.82965019035527,50.14044590350716,122.62031838438315,pink
328.1356641220672,233.59083464159227,253.22810774219198,pink
315.9882783591202,111.05528285608713,227.75126143481717,pink
58.98665727109227,210.44954944469393,207.91271988524863,yellow
69.65207032333102,194.39211272454043,245.4590481145716,yellow
330.3879571240682,238.07024091430767,128.58197540674084,pink
148.89830419468734,153.66352479972187,65.57686459761189,green
260.3589129566277,170.75974606671872,161.6038617099258,purple
200.08833328708164,152.97017268610128,119.46853432719419,red
15.095969005349527,101.95696855810694,105.22882397847124,brown
17.83233282618611,184.89220716193313,145.43803367609235,orange
22.176860851498454,135.14184068686478,187.8182401433005,brown
21.61709946612808,239.75776085170327,245.86585606114244,orange
276.18425436347064,22.336841377033462,121.19695910315205,grey
59.039219619198235,118.10229772284637,223.8182604372826,yellow
85.86223412289004,206.2858409382727,178.54857534411695,red
139.75431492626032,0.0,219.44504071240337,white
25.634744434877234,248.630367646948,66.13132033725586,red
17.594615338401397,177.10897259973245,109.49242903527653,brown
308.72673060627517,29.366503352990826,146.92662737490377,grey
314.85281814173754,245.55686056904688,144.2165046583427,pink
357.34384716026875,0.0,28.574213883270833,black
21.03975088268451,65.64074391055262,115.03180396278199,brown
6.6485438615005155,236.47587132301442,150.14753465724814,orange
148.4383757258106,249.13837433810815,244.5691438629869,cyan
238.70345572451964,214.0391598258538,175.65831562374507,blue
33.09646734482839,0.0,210.37085326205818,white
13.782396706645434,121.0054457954521,111.7252367526194,orange
203.998984578714,76.89434464409635,206.8361067676138,red
91.84350924654056,128.42306162755824,66.88147559934804,cyan
272.7228829342466,163.80548190192414,192.2397619235315,purple
304.3652318895789,45.144805542204296,95.00517599479107,grey
51.376035830756415,156.66458052531942,154.9398376175427,yellow
275.25898792542097,173.41317015667408,105.74463229357937,purple
97.66051486258857,205.65381155894858,162.63091091383438,cyan
64.5473754153757,172.53364400687235,103.38329462075491,green
117.45153793209009,0.0,22.64653944173849,black
283.4648360227606,247.37675804780218,155.59965051848985,purple
232.44243782959884,227.43644805486755,174.01369938181307,blue
264.45900863967114,9.502979017851331,69.71865975394354,grey
37.74006345128667,181.00638906560266,239.660545276193,orange
326.38068405939697,97.10793110228367,119.80850908133921,red
31.085568082887498,0.0,28.967497272662296,black
236.97482397284807,234.5932155512539,121.48609906296444,blue
308.365019093431,165.7750435110384,128.03641589703653,pink
106.4676629144999,233.6863553745024,215.33651568429647,cyan
120.4823347592459,165.94521759861453,157.98636892882976,cyan
247.56000910618155,158.3766783558016,234.53829061972894,blue
268.4506415080628,79.14756144786699,104.77473789072135,purple
172.07559511783708,0.0,216.89088041326315,white
29.927071892143534,182.7639222074614,170.98903679824696,brown
96.48433673832258,44.74779855656141,98.44854158494167,grey
13.1283765585192,75.20682724621736,177.57500647532754,brown
52.767422203882965,162.44709120272546,189.166331069953,yellow
136.85152542622197,189.48806125700443,101.23508505456569,green
117.41541297733974,156.02845467891092,81.13170123058,cyan
265.0409235282875,0.0,201.11340799742183,white
14.603890522207324,165.4674095457367,125.94314844219998,orange
14.143611582954,127.6402613379505,100.44721747464835,orange
332.11860756204675,97.93738340471648,58.27576019328532,pink
222.39789892440422,45.97093313743959,199.34543738744196,grey
156.62590636359317,7.377883949236752,171.3838244174085,grey
184.8955066750579,215.58977490735015,116.79333113727667,red
71.876831941857,106.49134737025354,249.99027666902964,green
15.44650810404371,35.78642209513656,143.51088819135327,grey
314.747053216556,207.0279506619323,157.60489683438448,pink
34.178941398940495,187.71657949364965,100.07408291695913,orange
284.25566638197165,226.0583410429766,163.04988820431055,purple
17.100657730386708,145.08593782736546,144.75738850052332,brown
7.3137615759202745,0.0,8.252955617400415,black
159.51772671536767,0.0,49.39699640737367,black
15.27016614291389,142.53723384581798,81.10655707443193,brown
108.00619819133436,244.3584570487085,97.05804353311211,green
220.9565109403365,77.68198100648546,96.1911164600213,blue
63.606182651769814,180.39056363915785,245.2720067080329,yellow
280.56653028091137,177.7195732435041,150.37499184526922,purple
274.1632848373106,0.0,39.801913157348764,black
269.47242680534293,198.82841592007037,217.355325458046,purple
13.719227918878008,119.27972694053298,149.55165170809767,orange
125.25515607416254,0.0,235.18853510829175,white
11.23486726284344,179.64512506387658,202.96846192731093,orange
262.4539638097677,130.61751178387075,119.86224703887598,purple
325.097105126178,188.1087688133965,66.39286635564086,pink
312.64709084418473,0.0,244.7942615390747,white
76.14118362733632,210.82140177599703,179.1062334350402,green
52.15772060192991,136.98360322851815,250.27382837355967,yellow
89.09696741515982,194.46105638370594,148.81788436871273,green
56.99385614736229,250.90538767688784,147.98057956323558,yellow
227.71259783208342,78.1000332066549,189.54000334850156,blue
313.4721607814662,151.69819531593566,135.9335468932586,pink
130.3983645614157,74.68553393200665,97.9687894877336,green
126.00393551877335,0.0,234.5250579192995,white
280.19145779672226,130.72216481880918,163.65273897807873,purple
65.76690930029075,173.52322573491753,197.7136734247879,yellow
280.78788644183936,59.56831764212839,174.9047974202937,purple
66.9242709827447,201.65544968212004,195.13291092409023,red
21.697471321894184,201.01280638615603,215.78793400577192,brown
60.97162263520798,147.7952721367947,123.51999097482432,yellow
38.52162684672428,120.05393687480816,202.3424063513913,orange
268.95222096343934,197.63962451099857,93.41091627874712,purple
310.8967168028421,197.23385429012066,77.09303518736155,red
6.4458212635531,0.0,2.5831330028798227,black
282.41307890060614,0.0,26.343427276897778,black
277.3663747139817,59.22137831674352,222.71886046652557,purple
26.826920100129517,146.93982710117726,160.26124021199598,brown
285.59106242644276,0.0,10.903213999381627,black
78.97394840328164,193.5714649072176,125.74387246808564,green
60.636171440276954,196.17686978278195,118.55411057624268,yellow
23.689503689821656,146.74330824452306,196.18656213656263,brown
139.220914601619,149.016022882061,149.12648913461322,green
303.69498184957877,243.05353037954907,76.54339411011978,pink
314.20492577036515,0.0,244.68989604573073,white
16.968258234312852,243.82275122973567,223.42306895565247,orange
66.46556522423793,103.7925685091531,231.81691891208783,yellow
323.47414044587026,105.14778949558112,156.15811248060243,pink
112.58049927061505,0.0,249.00441121658787,white
243.05983797227677,23.40771906878254,151.17369078572602,grey
351.199234657503,44.47897861074171,103.71692867590383,grey
68.67187358725343,144.62335450589774,198.08203098467033,yellow
321.2511850031192,28.383365236680326,81.92633634744126,grey
339.90113547816213,217.20196127520728,238.31711706957248,pink
19.05614636446807,145.99605603430544,226.76255093210975,brown
78.71181058273243,145.19856186645654,173.64214248269272,red
28.816868311881873,107.0406580740626,152.4518848082306,brown
107.51261498231202,165.43224325126033,88.10698764770925,green
30.9094081814156,0.0,37.52388675019013,black
237.8816338567889,0.0,4.296546138003471,black
116.56121999197914,96.14486626742459,215.04938263728783,cyan
88.76740281932601,0.0,216.63168923586332,white
115.19673437915071,136.02451517301427,210.1457878816447,green
320.3253166863048,217.47241321056885,191.29668154961314,pink
18.306747624224123,219.13066163556843,99.60540284686381,brown
9.059513370213494,0.0,226.431684604772,white
252.0829735061018,0.0,7.659787709098626,black
55.87454618221774,237.51136903732552,196.14838512410324,yellow
153.2827273330065,153.09891312390414,160.551028535618,cyan
282.51736283611433,129.05308244654344,163.8728341247192,purple
305.7285661903619,209.3462276503176,194.49070743542103,pink
19.456212220207107,163.15711316125868,171.39766040024423,orange
139.51462137677498,226.22916073179218,126.50764832437972,green
326.69228373234665,131.63264779406012,187.88163059457267,pink
114.21397541497059,49.36566952346543,75.38563992541741,grey
354.5327297613097,0.0,222.5347130053672,white
164.06754184503586,130.24048393247142,221.15895861800135,cyan
10.70664619511609,122.3382917496502,209.33099881843674,brown
19.916963932289782,131.4114425118177,118.81565924936365,brown
236.68051931069655,0.0,10.818375910122773,black
139.95417358083458,237.22495745677077,215.1959738917984,cyan
168.1464505010483,6.9982660176655,126.23290363218261,grey
190.12283376197954,0.0,26.728589181356245,black
129.13954571131387,118.44018702956143,213.1163827559676,cyan
200.84619557350086,127.75731008347627,80.1036202513877,blue
335.06319974127166,107.57584736732122,65.25425675628527,pink
60.17608614232166,0.0,35.43873219040421,black
281.28644021927914,6.158515301142548,142.4495855730745,grey
13.043380103481827,109.12047297815332,235.04685091154246,brown
249.2178486306434,119.69716614931141,211.87398603764683,blue
201.14085928278698,62.92835304899599,223.39434345244,red
79.3871354035733,0.0,208.84243459023233,white
60.989581129145655,238.6115287540118,251.9090566576283,yellow
172.05369603377193,0.0,18.390467589586212,black
267.0558936203812,168.59188189929165,116.33488597522364,red
316.63805652886964,89.90216599750286,217.87270716091555,pink
333.0690812309821,249.27680636173824,68.95953226767892,pink
23.83728220514046,37.121039887259165,80.64686266650794,grey
281.3281472548031,0.0,241.60349925137044,white
10.41049390823932,0.0,236.45037638987634,white
182.76400013036033,36.55736374257819,120.42574338840285,grey
308.4098404521702,6.802376013662947,71.11773911354652,grey
144.29565043970814,123.38695017502461,95.71687825761673,green
333.2319497518048,0.0,223.0946892153639,white
132.042564204454,64.1978546236643,236.98574335928285,cyan
143.1369896565842,115.48494899612243,219.33314137672798,red
133.7221791240558,215.69087227747355,244.58468159171625,cyan
288.2553049197942,235.0525436447635,253.82035667718142,purple
59.746470590279316,216.53753607394006,119.97218541443597,yellow
41.457077901138234,49.25427408840599,175.15673759762853,grey
270.6103861388187,197.32563515636383,247.15699547923785,purple
339.35590388761636,65.28054315503108,93.90228387367101,pink
260.6482614286763,221.86719893338775,132.06608423956513,red
228.41171003186878,0.0,34.63012225402594,black
305.16801009173156,56.13433419959705,199.6948526940982,pink
347.2104766975625,0.0,22.418795957472177,black
268.57850930636823,56.377288889193196,180.1672661931089,purple
18.060970411845492,215.5599789154202,119.14134018589229,orange
85.02303597726818,196.88200621231152,78.37064039419903,cyan
314.4212994930975,215.391620205104,166.51419193137812,red
22.07856972577915,219.08643117186844,246.20948327812445,brown
62.77315204922095,149.11318795106484,169.4803620411393,green
55.319587987987376,156.80091702612552,182.0009587398684,yellow
105.04324757535825,102.35218037074515,136.668342657394,cyan
77.61982301773342,147.944842709083,50.79676365790187,green
8.386580113860088,248.3533027051306,138.42562201157938,orange
267.535719870509,2.9753213645557164,70.55119241346324,grey
95.11612457899562,205.84325857086438,61.714070335857315,green
57.91223189705989,0.0,253.63970746930644,white
193.9384093256719,219.6975718816016,185.75245189803147,blue
310.3239293363982,0.0,209.5886098508706,white
129.3405673147304,54.894359587451845,216.55702249057506,green
217.52102640198927,227.8884727625206,192.61532151727621,blue
150.01879621295524,234.02562823369033,113.54486320421559,cyan
11.984812367506333,194.74089903672302,246.26150885569382,brown
320.79057730432453,204.67661163531906,228.94914298639202,pink
33.478167552264225,240.59558644019387,148.85163735469277,orange
274.9593508656613,4.029308923275876,166.14463663681954,grey
115.03043752993132,239.4276292867082,91.81889451829943,green
327.7986115402515,62.99966178227118,114.17737072173783,pink
10.644897455781262,107.46588356209456,150.6890559983589,brown
87.59156993828573,56.96652898475867,75.04766836440649,green
8.803379620009819,211.15002415135342,158.9202927124801,orange
119.85776304527026,77.06767841879505,66.30991143112692,cyan
16.28317593776194,112.15264192800046,218.09378087725008,orange
278.6368234817733,16.470232191530954,136.50444383435968,grey
129.69666187857143,195.36016580172773,84.30520289089934,green
237.7462426314461,205.1404882215142,215.38695781279452,blue
184.77553044398869,103.22484937499385,121.13172478686542,blue
69.14525569036414,125.89515586647235,247.60406025662726,yellow
317.29661158579717,82.4453221991826,129.05650633776017,pink
124.458776929767,4.810304843411872,181.033858849732,grey
190.92627969325707,0.0,38.71393190889968,black
306.45470451421863,177.97632585374308,240.58506957436376,pink
284.87717400755656,184.89216084649087,116.85155282065438,purple
327.9926390817542,144.0108830596946,165.75644400374836,pink
149.64501774176205,0.0,6.021965105741484,black
302.35957199072146,25.378005463311844,161.2166383710669,grey
212.55334670475023,133.4947786862612,212.02502625386927,blue
29.732167815294975,65.7429279520442,118.98192150950496,brown
132.7623681861597,93.14856699839866,181.52100351192806,cyan
67.78196896695553,56.58628797886348,93.54716794566372,green
149.2040510635596,157.32080882164854,61.78159115052963,cyan
152.55147818894284,190.67886028585463,121.18034929355512,cyan
11.02449886008062,151.14818378772483,98.44996544031997,brown
178.2619832786767,244.67121800723436,145.74304614488602,red
173.91666459688324,0.0,17.754778197672454,black
108.596371175141,145.00156890251867,152.70209845653196,green
278.04045751792614,0.0,203.5797722744735,white
99.43917314058407,114.91721822374161,165.72245361307517,red
302.3573118702037,79.85581802073253,146.45956184519414,pink
108.59745919841168,91.66601330475933,210.87119598633203,red
24.33582145501619,222.17157503183654,226.00374798940283,orange
284.2033110393804,209.6967505895021,125.49588028294697,purple
316.2319762375533,164.3541735925728,193.1289752568697,pink
15.776097538840771,163.61696511010956,243.5623290781456,orange
358.42868341086006,0.0,10.907807714001727,black
301.91873720853397,203.11437517267134,219.50126593774712,pink
328.29732612598536,209.76595321386952,205.8663761528592,pink
297.6206151318325,8.200629798830706,89.39408752638786,grey
325.1663308710549,0.0,224.01709739890916,white
176.74834320168463,0.0,254.01327370228054,white
134.41496699789892,172.8676041141431,208.03211782952312,cyan
14.924018081144247,232.92177342028933,62.24277665081766,brown
24.20278757441588,118.51233263220809,196.72651156287347,red
116.22457720165298,0.0,249.6440468311722,white
89.4173537243587,123.09219105159427,240.02214323051524,cyan
16.362172854168016,46.28474614786817,79.34587541539518,grey
29.012422846899785,97.0477765404471,215.26710346595897,brown
134.39008369954695,127.25133883739957,172.0476676732885,cyan
18.294851376977007,131.9293943760415,233.1708707687659,brown
265.3632992426028,203.10652835313624,147.10962240782737,purple
68.65527123484183,150.83161900576772,211.55434344859404,green
336.25238465749857,188.23627516439117,247.8391382690642,pink
91.61355761369961,130.64513568782212,68.39130205793121,cyan
54.29532843055158,133.5274863091193,204.04121465975618,yellow
181.20746537295892,0.0,242.58340453725063,white
327.71834987775657,249.78377828516483,252.00325564606288,pink
214.971463028574,131.08840144846556,144.73671724122164,red
56.60075441287783,147.1856577175385,188.59505658700093,yellow
13.549931308725,128.64970308424074,210.4739315916655,brown
335.8114902042377,227.8929294517538,56.639251288767944,pink
122.46830610922628,17.229959150444763,73.77331590781974,grey
177.06266405503143,0.0,46.765537318376666,black
188.68068380923734,0.0,49.55156679980939,black
346.2995978050277,27.26588687156315,85.80934101763728,grey
266.51111749077666,0.0,28.14244987235878,black
283.17363321017046,64.32118911123796,184.2286444265966,purple
153.64452286904302,13.572270855702866,132.32237739549288,grey
87.58524878362816,71.97301718266995,65.02255015406294,green
93.2599771730178,225.28551538538818,190.8021475433062,green
11.686529293182797,209.00447769682467,239.92906303029756,brown
13.581584847561082,56.175997265504314,174.9558252494175,brown
154.90201306133517,48.628514556702676,109.91766889432257,grey
267.78293026916003,193.8862935988784,226.2599730100258,purple
64.00727157628364,35.36477158249607,76.00268691371251,grey
93.62975449597505,127.14383028034983,184.6572120946554,cyan
272.0091239123981,194.0373463616912,203.13088711320344,purple
201.9556315374963,0.0,8.780653623217683,black
1.5073882056360777,0.0,15.342697335900285,black
225.1058919280821,47.38517280891899,91.13889134293771,grey
273.0362320844476,0.0,17.48533621393143,black
142.97154540174387,250.22205649717313,123.37661547459638,green
52.24998699154086,216.00259860426473,202.4190717519631,yellow
24.379971571863614,106.55006035551052,116.31545804211194,orange
69.67727697696716,154.71491318377377,251.56350672701936,yellow
115.22466414192867,0.0,250.8221937944154,white
308.7764856082357,121.79069213630164,109.15862779680731,pink
84.10522913090321,140.26002492679405,104.06924688631702,green
116.53848816971748,5.713383109454817,113.9059740945128,grey
349.59358943857904,0.0,253.73260994111766,white
68.31346941143426,0.0,238.57913830211788,white
86.27262313066345,167.07118976280213,192.98430996934508,cyan
234.3951301824963,249.0010746893371,135.78048261189807,blue
93.54580474830547,144.08925945561248,186.00277942229278,green
58.67918168274417,15.85009845443569,141.51523686515122,grey
27.430377885496018,0.0,32.016050291280955,black
136.4436777856394,58.24241670250417,76.76445683988497,cyan
39.68053101593302,167.71069219112368,224.85478111237973,orange
106.95788516871752,198.12247924723403,113.59344801978392,green
51.89063050214364,119.5735914445048,206.23377687035116,yellow
244.7008998783039,0.0,231.8675459402491,white
83.28013734713142,0.0,245.19938913892537,white
189.89715151740248,119.06177479188653,121.0979945139593,blue
311.29308001086514,38.7015488842549,131.4472782321314,grey
5.049192811383423,220.32538974890616,144.52022000311567,orange
176.39999695959332,0.0,4.31266992400729,black
28.76375750394007,236.44062939057386,121.83720822115176,brown
128.1083765417869,0.0,247.72234624889586,white
15.021089629384285,181.75146955089284,90.09431437025404,brown
22.384450461230635,89.70495455899128,212.07935777392098,brown
198.23245791517164,99.65913772538866,233.42245028461366,blue
52.580021013607414,164.15380739937376,236.71149794199218,yellow
120.92611735242089,189.3283858888253,247.76885444035722,cyan
240.48244639319856,245.37605601465867,188.66831185534792,blue
275.9642669269557,135.36927525729527,159.74793713740405,purple
26.92172547881593,60.24138716699014,249.2575259967138,brown
60.53969175427296,132.0380034574656,221.01911167447747,yellow
28.899786292595067,0.0,10.988481203162404,black
86.29655903075455,113.32908299170492,82.80902313522506,green
281.4087598371932,249.4732514972048,100.27493387527093,purple
99.0987319455543,84.75486282682965,171.12051289682228,cyan
157.1071874478289,216.76293459464014,197.3628794332762,red
135.02744545447027,79.10298807079803,215.73152024941086,green
65.05962563603862,172.02528187467294,128.50229603560248,yellow
249.38888223053874,124.59806161209006,146.81305227332734,blue
255.22116934220125,10.335197420270415,174.36140502355715,grey
51.08330058001263,181.4478653911351,103.98427183472552,yellow
202.1118157678472,2.804960137387813,189.84072018132974,grey
232.95697617963089,61.68995455134255,64.1077849903372,blue
50.49955183487827,214.143006625181,145.36530245041624,yellow
82.013144072912,0.0,204.13077817153305,white
340.5102314840932,31.497554948213164,93.93534741007335,grey
62.62933491129046,238.5344842340126,246.47972622194993,yellow
247.47628190179168,0.0,42.547738640050135,black
84.95997676755638,12.282067198886326,151.97585987965854,grey
267.09292314527687,164.48972046836036,120.85905800837408,purple
158.26394097943827,51.01330647442172,195.2945322048721,cyan
123.91911275613651,119.4274748623413,214.32362477865215,cyan
333.96053958127203,109.5668943227729,176.31271645771994,pink
260.51944143462225,163.50503152585154,244.17156234111098,purple
23.903463754589684,139.54403381234596,152.65272566219238,brown
285.7225671053941,80.90033518984501,86.62044012656008,purple
280.920497079837,233.90002030973062,197.01304468796184,purple
65.27075283716444,168.22240959675423,178.8076269569637,yellow
34.75610069984282,97.17106300006571,229.77547789282633,red
219.53218404554144,15.404879783610653,128.24749554846574,grey
266.57009728186233,172.38706051020387,160.22401992258884,purple
314.51266196620304,101.78688308563545,180.3026107801036,pink
13.360141433477363,0.0,241.04777470551812,white
50.28570578618977,217.25212600607364,224.38198897382495,yellow
145.79795266689538,249.03029032169462,137.8467862033192,green
192.3612764430295,23.222388145097234,66.82150371304385,grey
257.97103863434984,254.71571835835144,187.85696896828003,red
23.618603440214073,167.83581302370578,54.01712317103973,brown
350.7629700738703,0.0,247.34209201321997,white
26.317882138211207,114.45644812205995,83.49582031261019,brown
57.47239879188077,0.0,41.14766748245216,black
238.0118751453797,107.51428285639074,178.62450222568083,blue
167.96779944250565,7.301852049034451,123.95237686979483,grey
326.17955141216623,218.03700768946732,76.56922771934019,pink
179.93244444134984,46.906316175250765,73.34057351321547,grey
210.70796310469072,242.1267301650693,83.56330015567056,blue
328.3850689194444,212.264480020031,252.78546970861285,pink
73.630281567947,226.01715725766556,170.3741601335852,green
234.7035087680661,61.32206567471061,198.11063152819133,red
121.18331476944424,0.7862514880889737,177.7384156616097,grey
269.2182948101912,222.43920774653037,59.83369045207008,purple
64.9814552196228,37.02092133282574,160.43652093420104,grey
316.7287248931628,64.51377422289023,155.158321736097,pink
115.76023854645236,117.20249467102497,51.88293035721725,cyan
139.49508131788022,183.76056306725957,170.6155693608792,cyan
261.64631865116746,0.0,11.748743158463215,black
159.93116923416272,199.4284982551713,66.5823759710101,cyan
69.84428421566076,196.82837296741712,107.6310377064949,yellow
119.69633955800207,80.96586166857867,96.25240513846407,green
305.93540119119814,60.23262359667022,179.99354550440108,pink
316.3550952408907,187.09834616981712,96.99095605684774,pink
206.89589219873804,183.5568766510171,113.87839805712422,blue
97.92820699479701,88.0770417819476,162.80652377214795,green
185.36177177372085,209.45796286807192,181.86559688243273,blue
233.5626243434983,211.17173912362597,197.99933506088306,red
239.20646196647562,3.431196130764902,160.44809365474396,grey
85.58428259160937,0.0,44.50507578003701,black
65.54890700780344,244.5868361332645,118.25811714128979,yellow
228.2855680751336,120.11878134420397,85.65852960197068,blue
276.6862261995498,0.0,246.74078987747936,white
168.3786824410366,213.80668891538923,81.5633394293003,red
27.303251299888476,70.82170696683883,214.8727493378842,brown
21.272639156286047,0.0,2.968247069532887,black
200.02096777753675,52.95997128196499,123.53906991833502,blue
132.7819671360507,51.41060626781368,51.90464865835967,cyan
58.10787545745538,166.55387642347046,214.57925582201622,yellow
87.08609846025972,213.47153543775437,61.472962449901516,cyan
148.21853499963962,0.0,219.74681095040987,white
68.36149950990333,119.70221600475739,140.89842660666667,green
32.42562672949866,119.3068745090105,216.9913726273048,orange
207.31455938202146,95.84269222842032,149.55672434750025,red
109.94413534586474,120.16754442162706,171.51966161463645,green
91.93447349964903,58.17424838565435,130.06734106928405,cyan
290.9407307249752,61.64559820338072,240.44554810179582,red
243.56213448524701,151.88308611502433,177.90853554875437,blue
12.104746552142984,0.0,47.79902883846822,black
220.06102059142546,0.2612288347042413,142.85288557897252,grey
201.16026341393706,219.81776113033192,109.30415117439055,blue
66.55658751031326,179.2643355329783,243.56191866526245,yellow
198.52046298652226,141.122856089625,177.1706727507285,blue
69.27924362822561,0.0,239.8066366086028,white
226.95743945617136,78.59154232072336,231.79840318843313,blue
269.6203605540817,39.69950124268626,151.86231710449852,grey
190.1475006030374,69.06008074249687,115.2653842082149,red
303.546085229582,88.12016863642557,164.3012279362943,pink
109.23197798232005,149.93320739043406,113.64933739597795,green
136.2422032453578,0.0,15.640688776277806,black
63.18581436679506,63.88418304628577,61.51230516401823,red
341.383191933961,40.30069141939022,91.20709708751465,grey
25.796625480559037,57.77806220598188,234.87643457209668,brown
16.52813498424517,96.58316821863744,68.3529496980146,brown
312.3092785830445,130.0197537985382,135.1625473674061,red
236.03821974950432,63.299656577041354,219.10307249505217,blue
65.51947414164238,108.58641993197061,210.9736209229784,yellow
323.39215174570035,103.59478553806431,130.83371001965907,pink
251.73034990520443,103.70646386549618,156.63592901310614,red
198.41806787147533,62.0125922827925,51.725752261371724,blue
234.44809694172602,0.0,14.335822920220448,black
222.7389002527003,86.05025239895784,51.59338279212786,blue
284.21078906009365,84.26037445503471,222.01572081132073,purple
226.56548101738457,32.21568870506927,77.41206510643593,grey
7.436113274172932,182.3744623254499,188.99897572343144,orange
263.13718297744265,0.0,202.84489726918426,white
53.30591713120023,199.7417462185188,149.9151459552814,yellow
100.68871851489456,124.59499573709115,239.61873676547796,green
121.41337861438092,253.94077121336724,89.58908088305407,green
198.89770922955032,0.0,22.433515993773778,black
12.210949246598048,167.4077110891247,172.62167450657296,orange
14.844639117929685,199.3213191467679,199.8616826743441,orange
327.34482293629355,182.03797588394744,228.97001796980908,pink
77.23697734603184,51.9239330225633,73.35505982458072,red
92.20023242230445,178.82495535447535,211.49439980661055,cyan
275.726953408509,73.43048044022171,138.1378370824391,purple
126.62226300193558,0.0,250.7145339788932,white
163.38027655426242,244.49481661893742,117.4923424352821,cyan
62.10101018974065,106.13460479964363,140.96256413003312,green
19.852638669426135,98.80678699846149,82.04039954853238,brown
309.33349470009665,210.24447050602495,72.82740762220155,pink
198.9117653882111,112.33846281463028,179.02700435026307,red
127.69859093426967,79.40067706335078,52.33473047670686,green
92.75454720513791,152.50341817994973,165.92688374075064,cyan
306.2066895147804,223.6279574956492,140.70916879802297,pink
236.03639879266035,73.25738065684911,199.44229233812592,blue
166.5399225527342,0.0,33.78160779384681,black
29.08010212666693,103.5276916329405,213.5487137048321,red
262.03725697546,79.19672021493356,73.62059973149235,purple
56.76966540339563,16.82271714075888,172.84471739173003,grey
167.4326255642122,0.0,9.607006294483721,black
12.065399394193372,188.47591819895712,236.62339954894873,brown
57.74753399679115,225.86314574695552,151.15108210716446,yellow
25.51189478875594,203.76828120290008,203.55472026858493,brown
286.98112706653734,125.44191784513758,113.73632118742603,purple
128.7813852636694,166.81954244130597,240.46727782662313,cyan
260.0693184033738,113.79661602245673,64.31664944800653,purple
214.79116276733427,0.0,201.87724460663748,white
289.4245599351562,174.12614234749452,227.12993835125212,purple
329.59015024377135,216.0550918015882,216.7764292334104,pink
271.2766627395307,114.78341205836121,229.7000073787946,purple
271.57386839553294,38.75421281612281,153.93247987596527,grey
267.2916770259478,72.99625376493216,162.66403652401493,purple
278.0187198818715,98.46461250808147,245.06781870596993,purple
89.86049789564937,211.4012193657346,193.90102353720434,green
136.57153144393084,134.01493326119484,149.2694031032703,cyan
20.24544402025642,200.3550792431085,237.90529573539075,orange
113.00282428073587,215.25231453286963,246.71152061418954,red
63.835672725649715,219.63056023440612,175.61730675037472,red
106.87114822997387,224.59454788999616,147.84203452598663,cyan
77.28353461551794,229.23913705971353,176.69533935971015,green
69.74658958387809,0.0,31.850959321219896,black
52.57798235541357,247.52548625868468,196.96818596341706,yellow
273.0648811597124,215.97703561395755,190.79523150452616,purple
314.3059537059372,25.78317286217305,147.95735010593768,grey
287.66586736624913,150.1508807156906,70.97860001408938,red
33.48851156297734,210.78659266108497,205.11033108234477,orange
219.30734242882346,162.26662413852068,80.3433915839558,blue
128.2170825242948,232.21242463899597,238.70622467078033,green
13.396114803916511,204.78892454744653,130.19682783283469,orange
25.436376119120187,251.63884374258353,117.09477992441944,orange
208.02402335346466,0.0,19.112358293387448,black
57.679258985479215,208.04601657992777,159.15965233007267,yellow
144.82950539272173,72.08708897428187,197.17714553146862,green
271.7955201685805,250.75010821985447,148.2893389675589,purple
260.98696356988575,217.0819050593412,133.76397767386368,red
26.923573105436617,134.73148504360645,91.54404962323812,red
54.17285128316378,0.0,14.873144978498676,black
87.70772231614899,172.6968082287192,190.65606350837322,cyan
303.87306583761244,93.92542190991543,223.50277435105272,pink
157.0341138231881,45.70809067388143,65.09053836719167,grey
61.76688883431803,0.0,48.90206881448121,black
221.7830780205413,195.8796662582203,93.94076879611654,blue
118.77121547427777,164.1235436550046,249.6925328964657,green
105.38268772139229,1.7413241262532853,105.18529263407706,grey
20.670949710377243,121.57835877090429,72.46011408376545,brown
262.8559156687877,209.488421716259,88.32976745108513,purple
77.9568582173847,124.9094899255867,179.76125335910115,green
13.096022659446454,120.631248733929,229.91924062929291,orange
347.90289127502064,9.644521528630062,124.51122105311156,grey
57.713559415990645,249.15197008513385,215.82655536681798,yellow
21.880765627104108,226.31470593122307,137.57881820030457,orange
17.01600769072789,216.5455109151805,240.05951123634955,orange
155.23482280818945,0.0,214.784842216454,white
67.23297484567603,160.6806307247823,244.1565967965634,yellow
95.31797097890302,0.0,225.08024009796492,white
106.2370590553553,0.0,227.7827347003514,white
24.212299052766582,184.29920985196622,121.0505865828241,brown
146.44089050808532,53.471171028215196,102.90272649301485,cyan
97.83719712454196,0.0,32.88557962693483,black
252.96469643369332,220.00472423207637,68.55926258331836,red
112.43761213989167,86.20222736501951,86.77526826556797,cyan
15.596255346583009,150.82515627773648,162.8233696851142,orange
291.2773762749867,0.0,230.08260722854646,white
304.2369102448711,93.37018055932532,157.8319966465081,pink
14.742467381570673,199.84875198565007,151.39420383035807,brown
184.16085393843687,59.994910624924685,207.9244318922095,blue
35.267425419257286,0.0,20.305895006649806,black
280.66956677319007,7.127743408609244,80.65060585428358,grey
10.492950513042345,0.0,32.11394055033777,black
113.70598375003263,191.11995124067312,110.55102711588827,cyan
325.5818421167729,183.9020963467879,69.79698829660737,pink
193.20701320929226,0.0,244.05899534132186,white
62.33618195707021,139.06808737065575,114.2958665745507,yellow
20.531582460535986,187.89067589986726,132.57547083725228,orange
228.5618580823845,0.0,210.11590751278885,white
133.2458654634691,172.92049201689383,155.09941928324525,cyan
76.75681485945682,232.90350566928794,110.20394970471473,green
332.8214607774146,153.6481207243519,200.3454634560839,red
28.761706569094873,227.36163422035398,183.48592284278126,brown
25.49908838487439,173.62677193773743,105.19178649459603,brown
229.81208252916684,71.92865288862802,134.16239050753336,red
232.8843859547695,216.23788177262517,133.39177574883294,red
231.49189462443192,0.0,40.24705262789867,black
208.37346124913384,212.53547743479027,155.8873327680042,red
158.92098747612482,0.0,28.794705893240923,black
266.7319303892325,72.86404951387127,250.62489666087455,purple
19.760365555773802,64.86833368110271,75.82260070438667,brown
36.879874271269315,125.80853419810981,223.42500434157017,orange
298.86688851526895,0.0,24.793967934691253,black
89.31708269469095,138.67198368843492,97.75464593518,green
304.57891944215135,53.28042928704794,197.6127845289282,pink
181.37602847971692,238.7791781755534,179.4703157739669,blue
162.2804662666043,0.0,9.031593264814836,black
251.40015582050887,0.0,246.44004428878952,white
164.9740238264661,41.93575996346844,90.06585726213828,grey
109.7002279510746,147.91755171468554,177.45317637663123,green
339.5142107160558,248.40807119369484,136.8403027970831,pink
206.39126614690224,93.16102033081258,86.22412840872494,blue
13.650791425242373,229.1860079729105,88.27671437234375,brown
25.892082050893258,226.50185147161625,235.43690549083036,brown
69.33470441050886,164.57630078551233,224.08154652668767,green
52.70667696459256,100.79712221552742,143.3384725060669,yellow
243.91988973515396,46.343120644851524,65.93725138364344,grey
244.8716747103116,168.03141287732015,155.13225913000355,blue
8.323550714689276,191.57437862143092,216.98375320089013,orange
55.87988530153355,214.28814836253744,130.37711208202134,yellow
325.21756911316567,186.12844443359816,178.46771954137012,pink
138.19908236989227,1.026826628787464,83.02161952998762,grey
21.76085720052176,181.57897842162888,229.61324174101998,orange
314.11296446950286,219.5929756972397,79.96805453605344,pink
150.02596224303747,0.0,209.32500583761893,white
285.3051196686996,143.45272918573772,72.04627955756843,purple
232.97899385675976,68.71827646568761,108.29908046611658,blue
203.63567874050187,220.9305029699988,218.25384099816714,blue
92.50901145628848,125.12945628219002,69.45880219576767,green
304.10173590222115,50.221970988635675,151.2269454157522,pink
126.1110782694771,227.2434175336684,100.45621330202034,red
274.9094456281088,0.0,19.2639269118221,black
33.64307161155246,116.9485194789889,244.16556225339835,orange
331.23352708811046,115.55243870636305,143.12649176456256,pink
75.90636723723156,93.23457003950145,145.4790630591576,red
15.417159432787175,180.8841524600515,229.2226010286111,orange
149.48514663647637,240.81411213128158,168.6054421036916,red
289.7879240056541,131.0148272718958,60.21290232046147,red
223.38277582348235,211.927888521409,228.5297850931833,blue
28.01333714856481,245.88697034047482,155.31292710140886,orange
101.9543626532843,221.78676855015144,170.75964096786117,cyan
21.548812653846973,240.68624329925876,239.70036297899895,brown
21.21623103309871,132.82659665188476,217.08386516259554,orange
66.23618049211169,0.0,15.921172462482886,black
125.61646983013964,125.45778889440857,66.81238936894509,cyan
332.21391518379954,149.7604383270724,104.02741192392244,pink
225.90381113526746,114.15228418762608,103.33656741342031,blue
199.43064106770208,219.08379950792713,223.63096253685066,blue
216.15759101623922,0.0,32.205584550765884,black
20.3377457972776,226.02262279000973,127.45391580963812,orange
226.87191820397985,82.93138456513952,130.5520228338414,red
291.2217141023605,0.0,23.96306736490967,black
12.364153777697727,207.63899899212797,70.27945630285888,brown
55.40919699931634,0.0,246.00407974808476,white
144.62188573047865,201.11792925568267,158.59789496883693,green
42.91331769175207,77.98507768587206,207.34381523146283,red
317.2397148110393,54.303594815818144,116.91190028125521,pink
272.168148932918,132.93042678903652,61.09507413592791,purple
14.197542545624886,159.59138371204205,168.7089900857015,orange
114.6577012258659,221.38431087794928,155.07580028784605,cyan
151.08427339492087,152.89042508250776,144.26701649682468,cyan
285.89549651858886,157.88549976728777,228.97523589514958,purple
99.34546807989756,109.18513585832706,116.04707578332297,cyan
208.26755231214736,83.9192140756177,123.567192937216,blue
187.67733772919735,77.55349900870888,234.44074729372062,blue
199.3951176439076,0.0,215.11508967816158,white
71.77876694655248,7.48361151741313,186.30233459296943,grey
16.969847727404282,190.3131291849905,125.7491662329012,orange
30.7121444906233,159.66794374281668,125.02446987409193,orange
296.9030962052897,0.0,25.68679874373045,black
329.2501203801231,133.0166477090551,184.00753099205554,pink
314.78299581249604,146.19915388578463,111.49588719857445,pink
113.80908217617369,198.34297511083764,171.43984719944365,cyan
68.68400523967736,120.56802519792677,140.87795199177265,yellow
223.23862464734856,124.46482459048453,53.614293196365324,blue
61.09716297514771,124.36765865825859,75.75805176464162,green
38.68031342744027,176.198483406344,223.2728792980164,orange
131.51456158148906,201.86530433882135,51.121397094488614,cyan
65.0995772298956,165.27696151653493,250.52073410476746,yellow
151.42827458536416,90.8877996557536,150.8563660821103,red
153.84955110804412,52.59779200156008,169.6072516969182,cyan
264.7335803578335,0.0,9.694375067458,black
10.213548107207341,233.66277021893055,161.44130024291343,orange
277.61733189933534,0.0,4.357510506339684,black
281.0976726402422,57.987744728306936,64.4890061759682,purple
176.08374181158163,27.74571662716937,92.09894743053428,grey
268.1563377509094,223.81949631973902,94.50413082451135,purple
31.734414428936752,0.0,253.5442714039977,white
80.12985208098063,215.76025536836133,254.0558232463485,green
277.65071957441813,152.52124485209367,74.57778604313125,purple
358.34070252144977,32.25268084760428,56.33599698536159,grey
312.31731593528184,137.64312729583565,59.786366195027725,pink
141.31837694720045,0.0,249.25745913962785,white
281.3353344028057,224.93404067091092,59.21842872715955,purple
203.54949549633784,0.0,5.549684029208657,black
236.86963431805566,213.42098662888063,196.9986632175323,blue
10.706597342238457,214.2321390682288,205.3238014742793,brown
287.5396316861004,131.01147849916046,143.8408344371145,purple
137.8258426471065,0.0,244.89108771784754,white
251.33904740940912,0.0,239.96227638981827,white
305.4406643259546,92.22835387943309,160.51337690302114,pink
60.82567449980847,119.70687095128031,128.01144359470766,yellow
110.34387887340311,123.75361277194378,97.64981991892991,green
192.39841532416574,96.33708048270023,151.02616599249268,blue
21.724675282061167,182.83489229596975,136.02661628631404,orange
14.726725726008244,206.87490349784173,233.9480259126243,orange
264.08911657725014,51.083847903613965,158.59115501404688,purple
14.936356900794996,240.74495956242865,122.0550699205459,brown
14.785322872733381,146.55917008169442,124.47134271714557,orange
51.50691778790721,131.44188533602534,158.11170550404796,yellow
36.74846325262544,179.04232606278038,149.87109098845164,orange
260.23782581647896,133.991667186178,114.35328655626617,purple
83.61685817535101,40.138747026337256,134.592261885064,grey
65.74675672168121,173.51565114279444,244.11288647414207,yellow
334.85936388667943,221.11654380620072,217.90228957834165,pink
336.0813384884401,89.30127345755567,253.70645586178088,pink
139.08926753450325,0.0,3.6713733742676116,black
216.29110857113605,215.43531948855252,111.0639361745738,blue
96.8228612445942,165.9269498290006,112.40834373365703,cyan
13.45040529058047,90.58051960267471,188.4491062088211,brown
265.68712334725484,204.4442689564644,230.19757220646136,red
65.71399757177163,200.19662670493244,218.1987063634637,yellow
217.02815855088107,217.97354468356713,225.49640067459734,blue
181.48829842030267,225.66177672391282,225.18850915050038,blue
54.51331609618189,168.95376966867653,113.99870045222525,yellow
268.97706038211936,222.8081453002494,91.2242772400551,purple
20.435018825429516,178.32596837839014,135.04283095503627,orange
237.30136788517822,154.97839348445797,94.58984891372694,blue
152.94147336343002,109.46625896090339,136.4654611516595,cyan
93.32606719911321,214.1619953100737,168.02178394874426,green
109.93974944997112,239.32411023211552,208.92169696469725,cyan
214.40946908576032,0.0,254.41165911520912,white
70.99532209890174,94.36107934162362,135.56286339014682,red
333.21721630692974,253.4403642567751,199.13074700894785,pink
66.79560791548111,167.21122678744243,157.55696384290442,yellow
130.19922781217755,20.799341164736525,180.89667321539983,grey
100.64860875383617,196.76057945068885,244.20329897090724,cyan
151.168118856414,0.0,3.1999456159324424,black
144.41909475680427,194.35778210303297,120.5355084626682,green
244.09574979780342,208.68260435132126,173.5570770931572,blue
245.16562392112817,0.0,237.60470384111716,white
182.93054980315193,253.8369340589071,205.76487895894172,blue
162.91480846623676,0.0,40.72138708234759,black
161.97428479073614,15.560602937890271,165.7667171653663,grey
234.51740131121062,0.0,7.689605627791273,black
196.76142263038702,138.30357019295553,98.2613065610509,blue
294.8696198724155,49.75898137346717,194.9374801164304,grey
272.98740404509044,49.11309971377886,168.31321969222512,grey
296.2500984049065,73.53353482130211,169.54952539911932,red
28.55740048767194,165.05294573146108,131.35353344474112,red
272.3154916683237,132.41719546972803,94.82012352555104,purple
117.75678348352128,161.69210864182193,156.5879331791328,red
149.38966115348728,183.11952841965447,148.0773751136269,green
56.187259611424636,213.98954635458625,212.27324891362474,yellow
16.08921801052317,124.86477165268559,75.09648184234811,brown
155.83261146925358,0.0,225.6687621829683,white
313.0807446259498,187.26827446171313,160.3059244648224,pink
222.93110099213044,50.537041364491515,162.6076362885717,red
26.831024926051665,220.6421366807073,250.25251719303978,brown
339.81225144280506,0.0,35.16538631639544,black
15.019089434668363,133.91853865191604,99.95023258774678,brown
61.61780719817558,196.2515201299886,245.20483175896058,yellow
65.54105445279382,232.46604523039235,94.42232928180621,green
61.169652178128516,123.30973939284569,224.3952857996588,yellow
162.18426059420665,156.29020628931767,110.83262539048857,cyan
15.468264350775643,101.06502830618733,65.26422675413419,brown
283.7253724735493,0.0,6.033142325134233,black
23.813399265167273,188.72456712654153,246.67721102345254,orange
307.8506458082418,90.35996230287009,168.75288874639725,pink
52.01637010423213,238.09261722133357,152.82536171242594,yellow
142.94765220697371,209.7585626884427,107.08720901980331,cyan
116.10546781451495,75.70840118257767,139.52761541383796,green
268.9103361563706,171.03852379244296,171.26664982063176,purple
54.54976733963508,182.50164313620715,212.4689535137932,yellow
22.93663565709632,158.96320580002106,252.25851879200036,orange
338.9004833747148,0.0,22.071911201638144,black
248.88495048424454,0.0,250.1548836663477,white
51.1597925665589,168.31721799952606,113.04993791942906,yellow
200.4266322552731,146.58500161495868,93.921675648516,blue
59.12834677670139,240.93339297672026,151.23813670159927,yellow
67.00501534005403,185.3855669339478,236.90280648191444,yellow
136.10536114166862,0.0,232.76746449535545,white
176.71300376075814,11.714442129996621,190.78387974443626,grey
173.903400081735,127.72796613146225,65.6197374239575,red
211.76785936045644,135.0600593153393,245.77655438005374,red
63.79504773772969,210.210569466505,133.87314828447208,yellow
27.510092743603444,0.0,238.69348445394272,white
278.5811980121649,164.85032180433916,118.97663414462016,purple
284.58871492673984,5.875514133549753,196.4881434584566,grey
184.22811481895627,251.69600665123045,228.56523111275175,blue
12.191083781275811,244.63105621811485,112.24340523769993,orange
66.06239279945352,137.40463379412105,215.42756008154882,yellow
221.23030382260572,136.6920389389861,192.9808184536354,blue
285.31246139668724,59.8990753759882,243.81823783503208,purple
338.1177639124578,143.59235985280782,74.77339324250354,pink
162.32877403312642,0.0,218.06047912277498,white
280.31927601275834,97.00929286603952,150.78695308686494,purple
264.1347154742535,88.3210219679722,235.69844760049006,purple
113.18122890131895,251.2279203403653,73.63363328709396,red
66.36016373344424,133.01390752479983,194.99396619660834,yellow
210.39114640191423,182.94694766950377,64.49348753135142,blue
200.05296552459401,138.13718975954734,218.77237196727523,red
122.47765721925379,0.0,253.12408219097242,white
38.8720919493448,34.07789427707763,66.36328169684077,grey
203.71485173455522,151.87200833367172,249.19708456827505,blue
24.448622709787376,248.19838801021294,145.99911146734627,brown
283.57640908849066,97.12647385220811,163.54989160227055,red
271.0384683430995,193.55837722987235,195.1232248208055,purple
238.33018826445132,56.128361795503665,55.661172382740084,blue
80.52598721014785,220.38564458205718,103.00861821501718,green
88.95774897437468,218.83315727144728,214.95321908577358,green
36.67740669588721,215.41376452974686,216.72434617994196,orange
212.18379825034197,22.709534062071285,82.08257690716411,grey
208.55261815862977,0.0,213.2084515283443,white
248.12896634419204,100.32779486168417,125.60003868201393,red
22.52178092678803,227.07579782464933,144.76434225312266,orange
221.78555016528898,245.10519375527983,248.64984050604187,blue
329.5785106963079,0.0,0.37358622354879967,black
229.01502378283277,53.66652381644907,207.7048601057381,blue
147.53505694502098,139.5746535368602,187.50974847993254,green
52.58935941819723,132.9858149975739,145.94602219751025,yellow
27.51778086008592,87.84222989315066,206.98468381431036,brown
66.04271163606164,131.1978459544477,186.92063265565906,yellow
18.001469821408097,147.0029809603689,194.53450054404044,orange
197.3556112966315,0.0,218.248612065745,white
21.537260844493993,254.57985588837062,214.67652710315807,brown
110.6603020854233,0.0,36.07608436245308,black
236.9161288053304,146.0306073989894,179.67598213810874,blue
118.2245609790953,0.0,9.855840617838375,black
107.79958440507568,190.60573341078367,163.3583307978979,green
21.845786349070927,217.44845233465003,187.29551728830194,orange
26.173138891819832,233.0556579153409,128.7313626022412,brown
152.41651419659178,115.66076330489767,199.4113514613982,cyan
260.62767988690615,65.1296298174761,70.0310685339448,purple
287.9633041876364,0.0,241.6104782062258,white
270.60318736275946,78.61204138898569,215.79730619169422,purple
208.2144333302204,45.56439096742391,58.42087090542936,grey
30.022861744203976,135.36525640460047,221.33903726230295,orange
51.59363818152242,207.73220746315832,239.01719850594307,yellow
234.89433736460964,0.0,242.65994012746535,white
51.84414980762517,126.42203995601804,241.94410519148175,yellow
24.128349025871028,159.34080914294796,208.07362901464958,brown
27.109374230078867,248.0642168349249,183.14487263949454,orange
25.59296714675058,189.72867736259445,103.79533716304496,brown
280.14256884187347,116.5789866726299,96.36339632905133,red
60.42798698814968,100.01310783241138,164.79546979480313,green
240.7154875048103,123.91341978535729,140.56285686023077,blue
296.81353267453915,204.41096954536587,174.78626501988902,red
118.76210118633392,153.93501130705573,74.48489859162851,green
35.379760097163114,152.3284373228662,62.67499956795526,red
54.32996305799156,85.72706721207217,93.21788594909259,red
312.1264796584156,193.59741854184256,251.68185468775135,pink
13.343588650037738,114.04427577102611,145.39071282870412,orange
64.76314545484351,191.29764472546674,195.31634302783544,yellow
51.04953054169372,177.9057323194599,218.75925609890373,yellow
177.9882979074309,23.61833218669412,146.0927474871235,grey
8.035239237337537,116.64621948296217,234.38548005813092,orange
131.73149097588703,216.75199416142095,227.5498843539484,red
222.17686562395056,195.69204100457597,65.15903306279392,red
149.481815443342,251.90672004145736,234.6480090907984,green
266.98426101150466,68.42678052316464,90.96199627197014,purple
323.29199758702583,193.77424354266373,156.20645598497094,pink
311.06288517914055,0.0,254.11003093955236,white
191.48506817254827,246.2020327403709,118.61415033404545,blue
202.09941835370813,140.5150395599382,83.31788337051228,blue
67.21571294083203,203.533963475525,103.10742097897861,yellow
129.15099662531696,252.1374808240899,218.4182800766554,red
148.19643293780658,134.6017376077015,143.16347511151605,cyan
99.76840000171927,153.6937519816135,184.06546447512335,green
237.9771590705178,158.4039313257912,206.6397572089255,red
120.13135281804188,143.0802561759039,229.1358745919854,red
53.32393422253846,149.63268474313514,146.3353843469484,yellow
38.66571568167116,180.97241649599852,162.12610394691364,orange
96.54822205377926,55.40585759961824,51.35795074887034,green
213.59005122946968,207.55029297182438,97.96186299327206,blue
23.654535863704336,157.46114639580742,144.1219013517037,orange
208.89567102060357,71.75168135854797,103.16789328634513,blue
334.3096482530383,99.46398457931285,75.5460273728425,pink
52.833721120612324,126.05038386312077,98.26130730710604,red
219.80793015010573,56.67986639042231,166.57028303439867,blue
277.92309977252535,202.96643265194376,123.32568649090628,purple
27.07773065719271,254.80383282374856,87.58833822018231,brown
17.274967882263844,62.53860558764029,63.4940232140885,brown
217.75153565457902,0.0,246.5436458269739,white
127.85034595768639,235.18958544904322,166.18466648143976,green
211.54696040793112,81.50896795757319,133.29771759133064,blue
16.640700355182688,140.37644357765268,170.5617899799044,brown
274.1003987678336,117.57099360042731,154.03252240691944,purple
19.124416067011314,148.34293092355412,224.16469630464792,brown
59.510240127628805,142.82220302443545,197.17085611630154,yellow
139.5013425301306,180.16785366663092,221.67114064150306,cyan
282.63688882542107,57.1545118787084,97.95922970092964,purple
10.244105858113063,79.68609711962647,81.948362585047,brown
24.199989311494488,160.20344153258517,233.49708322195815,orange
344.13049563268265,0.0,27.825640646788635,black
233.86335314552124,175.1934613272976,216.6136466511953,blue
6.395697322509885,194.83871975010226,239.69129270992806,orange
243.07398567257508,145.7501052805444,139.5089170699227,red
307.47689792180415,0.0,221.98165294971673,white
93.2696576189974,122.07413391345617,252.67412062420797,green
6.219130510564709,187.27895237227125,119.1723987309974,orange
66.43277745329064,242.89736582587443,213.13287519412015,yellow
143.79716738620027,215.63643123480716,83.42235748819904,cyan
32.91742978423077,253.2701653709795,144.6891292265456,orange
339.21840444120227,62.98523477885326,144.49137250473507,pink
314.2771959103304,231.67069993459518,82.60521563244745,red
6.758814028634097,144.38718507155335,228.51489473403439,orange
17.459796325594347,211.493793447418,187.55530741331125,orange
62.65684851871253,247.33928169134168,167.72432499239028,yellow
64.01642785438622,103.45664200959612,220.1285916512315,yellow
319.443368753468,97.14657469917955,227.05633633219455,pink
5.5305112046938465,254.33639693915921,235.49021430257915,orange
323.6971010283559,0.0,225.8485940779038,white
224.03491314490336,6.232455615297488,145.39522107391912,grey
14.984510682535973,141.37472926155476,181.02173353102705,orange
179.80001059679807,0.5000930573811457,134.61066675905073,grey
276.043687412058,10.429201686703509,154.59256606539722,grey
298.45878589017167,0.0,232.35947576020888,white
345.06893478889594,3.1823987555855746,161.9800694472255,grey
336.8002407468731,124.22978502551976,145.34687893838662,pink
51.13076132623089,171.06999238178383,224.53107961970443,yellow
91.80808279650014,126.18480909356205,84.49134884527749,green
101.48478942054379,0.0,32.05294208781352,black
198.18827601152046,0.0,253.09904151938264,white
266.54316602425075,42.42983749079261,121.81932240161719,grey
318.43426851234875,87.92481465078221,115.22219212414363,pink
272.75524489997076,160.92821192630115,130.45212976334054,purple
286.5568059627242,149.0203533888727,214.084249417701,purple
340.72862842887196,0.0,232.59309190899413,white
14.049889985429065,197.14102866454726,98.4559418319468,brown
163.12427413263106,210.72448258789984,237.88014706328278,cyan
335.33056975898086,130.82845590196968,95.60046899689276,pink
264.54401222644844,70.93163754766194,73.10549393002654,purple
162.8655077138249,83.76843468468965,252.8780131367581,cyan
303.3903430044983,121.2734332821978,159.88966859555052,pink
64.19975405853981,0.0,212.12539396422238,white
319.5249803306437,0.0,223.82173057862434,white
29.85640164487557,182.90936410089404,240.7225445259227,orange
6.81166031194093,194.77206099882176,201.02605821935813,orange
170.6421982428645,226.13025557135109,71.80848707146927,red
312.7485336967025,134.34202736324067,195.1741465691755,pink
20.29641127982646,204.15595672642036,167.9088190316157,orange
319.79617770963296,0.0,8.431437743047503,black
282.4585788955649,251.04419413334313,240.9008933133563,purple
79.18645499531554,254.27929460550257,87.83862920306862,green
146.1089295164291,48.08856699384727,151.53335062176222,grey
133.23421457542398,0.0,200.4604321821253,white
152.81166375189147,0.0,240.44497769206157,white
290.97180556514775,241.54398549816568,222.57743396454504,red
326.525189612743,188.0656650755517,190.9670575603801,pink
18.512934847173913,90.30556861411628,50.170974744980775,brown
211.87710970185358,176.54098469611628,165.69939306536077,blue
38.59540243566296,0.0,253.891223276069,white
134.09950467196143,0.0,45.67292586282956,black
234.88764715262164,0.0,254.76802318016286,white
24.294581873417336,171.96824460784268,164.19026258925024,brown
118.0597756106435,149.79676175147262,151.40748758289874,cyan
24.299555378283955,100.75904008573164,66.85392685938025,brown
113.79163788895201,112.17878947723153,147.7602840746298,green
164.3871969028075,142.7049283615332,196.6375555093991,cyan
130.66885730840082,1.8953592722978418,135.6380713344146,grey
288.6206869326063,0.0,209.18110014665135,white
34.923841069970194,165.1981025485348,243.33853132061967,orange
21.474733938442615,13.44144446652632,95.20916152203185,grey
73.53748516325467,0.0,37.3863013903802,black
280.5595055564,0.0,25.92919642231794,black
282.5061933327166,0.0,220.65402663184292,white
142.80300919670577,146.05590071596396,114.37059064307876,green
139.42820825333354,173.0091103331193,63.27864864627536,cyan
227.5752160951635,116.02401694044751,202.53901025566086,blue
308.0667650380169,190.93690976956842,64.26177523246794,pink
16.579880483211976,110.20457328295191,163.55702151000924,brown
328.1971550724605,62.5344688489823,55.65458169447827,pink
260.642170077988,0.0,205.74231128453283,white
271.96859689658186,182.97583570485148,144.13817079288134,purple
98.94468115115802,137.226319421805,69.99328596677985,cyan
311.52277962288827,167.51889761175013,134.0167707078939,pink
22.71514295822025,97.18813352553775,253.4078831878212,brown
15.731528019133556,0.0,227.0421580649907,white
109.41190329696151,56.88029515068894,124.9117920987897,green
261.21854091282756,136.54646955872659,189.97861982361437,purple
22.06214029590816,206.2813490395427,62.453121266962555,brown
46.96246728270188,140.93546229240042,234.84133256537388,red
15.465772807973758,224.71950684213348,105.62788324079567,brown
199.31432907173772,67.98277417983446,172.06182885722853,blue
336.4127610127848,178.5740066458669,238.02917863504376,pink
92.32553727345321,72.21773896972175,98.42428323752077,green
322.03539298070683,190.47225780421957,140.82485879138846,pink
66.31261160168569,127.78245016434215,195.0695375707322,yellow
255.98015374900484,25.0358525272728,74.71787468992223,grey
107.99077079267848,0.0,232.64246268445783,white
249.63199169872638,0.0,251.01498761549985,white
53.96669959813029,145.93406907807162,193.6438126231035,yellow
17.125626154542722,80.43045426493507,129.66932932694797,brown
96.85854321773336,0.0,19.26361172119594,black
305.65712336227364,221.3837287276408,85.3232041466555,pink
161.11182269971843,6.236345740363403,197.82352773975225,grey
54.3137221017915,109.56178415970486,216.62975745107565,yellow
202.5940579879957,0.0,24.432533777021327,black
288.6691728645948,254.19038365153384,170.6030716430471,purple
145.1597310149636,3.5880925707930054,107.75146515217556,grey
331.1448544540759,159.09840278484876,236.13947022866085,pink
15.203195248087539,233.90918949444824,100.9759068381299,brown
201.48526892249893,0.0,2.72862612130913,black
107.93798764269991,75.14420064526216,230.37337946688046,cyan
9.53371242550292,251.13965034965955,193.72636780517493,orange
89.138276015969,140.74785573715366,253.94891658603274,cyan
228.81599636136548,100.65723617742448,234.5812626376128,blue
287.6528083049039,55.18872643204745,63.78089013580138,purple
271.2703935011359,0.0,17.443076403179465,black
32.577081072100796,205.11183650333408,151.6763756961056,orange
58.832348966211896,227.18650117082984,185.23782705030382,yellow
281.29509996530004,240.77897680693013,248.70650102398082,purple
59.25521432764973,6.9698554702165625,131.53039348228208,grey
62.93485622118756,112.46719596106476,167.94340281654405,yellow
27.356558067874392,136.7794970397499,149.99765988109198,orange
81.79099074718533,116.18994717927158,87.0020130823984,red
215.53911226205298,166.51955075632426,58.07904336245385,blue
83.1578452749601,210.01042505466572,90.08419982833857,red
25.85323945891757,146.3281187152632,126.70191626723395,orange
12.730439634614417,30.675469635735226,138.94448955815136,grey
172.7254508118528,0.0,200.56457362420093,white
142.64999288397826,142.24855483515896,186.79731627548915,green
272.04069946187195,225.71317004747746,198.00143610805543,purple
322.837871142237,52.40382762549449,244.62924640474174,pink
11.048939248615287,138.50608008422404,82.50605906705454,brown
11.254831028954118,0.0,9.192277657510056,black
63.235462821298334,56.72174909046869,144.3947037068558,green
15.429514748296873,158.93052861492174,167.83287144707273,brown
76.02981349448135,119.73923089060645,240.465182058264,red
150.56238972025193,67.74126584917275,87.86738821544708,cyan
264.05353682465005,120.40950685126425,76.11847991483131,purple
109.6399226826459,147.54277430648844,78.42318459493575,cyan
317.09215490937214,216.76462584302348,159.9724659318895,pink
236.70734308161803,61.166543157558834,73.73331865752358,blue
265.88653778001503,185.65172382804963,253.09861458107105,purple
60.92137258065891,250.78014227689093,123.64050864322792,yellow
349.4566475584078,0.0,49.05297587025572,black
94.73073751968383,170.88071587421766,238.0011212232907,cyan
85.89148994541677,212.95385542028066,184.5798106849633,green
182.91602776258912,180.3820506926439,83.5359461581912,blue
72.60828919043193,0.0,222.78169360654945,white
152.6903397798245,0.0,210.9184969353641,white
56.225015378926514,209.90113225614715,206.04287411161397,yellow
263.9108810380548,83.62078368899421,157.33761948205063,purple
64.01013541657625,115.48792882542945,119.4338936494442,yellow
